elapsed_time,num_reqs,num_reqs_per_sec,min_req_time,max_req_time,avg_req_time,200,302,500,502,504
0,23,2.3,18.839,5092.54,793.8058,11,12,,,
10,19,1.9,18.451,3028.24,507.3328,6,13,,,
20,17,1.7,21.734,2584.695,614.716,7,10,,,
30,27,2.7,18.743,3696.345,582.946,9,18,,,
40,40,4.0,18.63,5146.535,1009.4055,15,25,,,
50,33,3.3,20.969,3084.099,1069.777,12,21,,,
60,38,3.8,18.845,3549.017,528.7632,10,28,,,
70,29,2.9,18.489,2081.131,405.6611,8,21,,,
80,28,2.8,18.02,3102.064,671.367,11,17,,,
90,19,1.9,23.071,3605.607,647.7574,5,14,,,
100,22,2.2,19.227,1197.005,337.6235,6,16,,,
110,14,1.4,33.546,1498.511,456.3229,6,8,,,
120,16,1.6,18.752,1481.45,532.9188,6,10,,,
130,29,2.9,18.33,2023.857,515.5274,9,20,,,
140,16,1.6,18.786,2035.19,431.2228,4,12,,,
150,26,2.6,16.879,4285.063,1017.116,12,14,,,
160,32,3.2,18.39,3487.375,393.3292,7,25,,,
170,20,2.0,18.619,2324.726,787.3426,10,10,,,
180,26,2.6,16.921,3155.859,376.549,5,21,,,
190,18,1.8,18.704,4281.53,824.0157,8,10,,,
200,26,2.6,17.686,3772.278,706.505,7,19,,,
210,29,2.9,20.535,2722.483,591.8344,11,18,,,
220,26,2.6,18.323,10170.781,1032.1413,9,17,,,
230,25,2.5,18.962,3306.876,724.6226,9,16,,,
240,20,2.0,19.785,2876.418,606.6236,5,15,,,
250,29,2.9,20.088,5929.069,689.9123,13,16,,,
260,36,3.6,17.768,1429.585,301.1631,10,26,,,
270,26,2.6,17.542,1721.323,329.8036,7,19,,,
280,14,1.4,17.653,1371.446,495.7595,6,8,,,
290,35,3.5,18.894,2376.49,626.5121,14,21,,,
300,32,3.2,24.013,5824.302,2534.8126,15,17,,,
310,35,3.5,3430.226,8698.379,5825.1976,15,20,,,
320,29,2.9,4997.996,12344.025,7730.9271,13,16,,,
330,33,3.3,8772.352,16620.3,11917.6815,13,20,,,
340,29,2.9,12620.27,19129.943,15203.1215,13,16,,,
350,31,3.1,13914.372,20475.792,16208.7461,11,20,,,
360,35,3.5,13872.451,23151.056,16764.9408,15,20,,,
370,27,2.7,16361.519,21901.79,19109.2591,14,13,,,
380,31,3.1,19093.921,25569.369,22320.7935,14,17,,,
390,38,3.8,20802.548,27265.023,23411.3455,13,25,,,
400,29,2.9,21677.504,29426.007,25002.6963,12,17,,,
410,39,3.9,88.414,32017.044,25342.1345,13,22,,4,
420,32,3.2,45.674,33655.45,26433.6751,15,13,,4,
430,40,4.0,25.011,38749.542,29894.119,15,20,,5,
440,36,3.6,40.652,39537.447,28095.3431,13,15,,8,
450,45,4.5,22.747,47620.766,23730.7184,13,12,,20,
460,34,3.4,38.071,49467.611,41637.4945,13,19,,2,
470,48,4.8,22.436,48893.961,25330.3673,11,16,,21,
480,45,4.5,22.519,55014.594,30359.9065,14,15,,16,
490,37,3.7,25.989,50849.992,32990.7468,15,11,,11,
500,49,4.9,34.654,49156.481,35068.5267,12,27,,10,
510,42,4.2,91.144,47407.081,29773.622,14,14,,14,
520,41,4.1,35.979,52485.662,28909.6955,11,15,,15,
530,37,3.7,61.098,47979.965,34617.2611,14,15,,8,
540,52,5.2,136.017,45884.809,36472.0163,15,32,,5,
550,44,4.4,34.867,42974.683,27446.9635,14,17,,13,
560,42,4.2,40.202,40962.638,23622.0322,10,16,,16,
570,51,5.1,53.311,43006.188,30471.2583,14,26,,11,
580,47,4.7,64.643,43799.246,25253.6954,13,17,,17,
590,97,9.7,21.579,45526.652,14437.5184,13,21,,63,
600,321,32.1,20.287,45904.397,4477.2853,10,20,,291,
610,411,41.1,28.237,47712.802,2599.9898,10,3,,398,
620,411,41.1,28.044,53586.613,3560.7512,9,15,,387,
630,387,38.7,44.168,58917.299,3733.3151,9,13,,365,
640,386,38.6,31.447,58686.296,3285.3362,7,9,,370,
650,422,42.2,29.276,64894.835,5266.0651,5,4,,394,19
660,353,35.3,56.355,63401.109,6423.0552,,,,322,31
670,405,40.5,173.391,62952.66,3044.6767,,,,393,12
680,378,37.8,207.126,64378.773,5119.3144,,,,354,24
690,394,39.4,199.96,62040.242,4335.8274,,,,372,22
700,386,38.6,161.062,66631.882,4316.6802,,,,367,19
710,388,38.8,195.569,65986.363,3151.2942,,,,376,12
720,374,37.4,308.629,62714.811,3756.9404,,,,361,13
730,396,39.6,257.037,71637.118,3518.2611,,,,387,9
740,398,39.8,198.02,79912.716,3324.7485,,,,388,10
750,404,40.4,176.287,66188.119,3662.7699,,,,393,11
760,369,36.9,166.958,66491.464,3142.2112,,,,361,8
770,400,40.0,141.543,62950.553,3521.1877,,,,391,9
780,422,42.2,175.49,64023.066,3313.6595,,,,411,11
790,403,40.3,168.258,62780.284,3463.8732,,,,391,12
800,429,42.9,188.539,63628.915,2355.3431,,,,421,8
810,373,37.3,216.903,71654.492,2788.2232,,,,364,9
820,378,37.8,192.573,62611.666,2721.2758,,,,369,9
830,390,39.0,184.775,69170.689,3262.0514,,,,379,11
840,393,39.3,152.871,63130.13,3008.4587,,,,383,10
850,393,39.3,214.476,64031.45,3350.7605,,,,381,12
860,411,41.1,202.532,60436.52,2651.4046,,,,403,8
870,411,41.1,162.824,62507.562,2805.6153,,,,402,9
880,358,35.8,196.389,62923.759,2933.76,,,,349,9
890,383,38.3,179.398,63003.859,2773.6395,,,,374,9
900,558,55.8,503.869,63359.826,4100.5848,,,,547,11
910,595,59.5,1202.077,65065.009,5848.5183,,,,583,12
920,626,62.6,778.645,61881.748,6981.0825,,,17,602,7
930,88,8.8,2844.112,63884.756,16064.8806,,,29,50,9
940,32,3.2,13803.653,62342.446,33677.6947,,,6,15,11
950,27,2.7,22086.6,62707.894,39591.7632,,,3,16,8
960,27,2.7,36280.15,70419.774,48079.6631,,,11,8,8
970,19,1.9,45194.755,65894.171,57852.5987,,,11,,8
980,246,24.6,48422.257,80792.949,63837.8927,,,59,1,186
990,417,41.7,2926.328,83140.35,41363.8847,,,6,328,83
1000,185,18.5,6345.958,85753.306,24860.5462,,,,167,18
1010,220,22.0,11274.117,95612.212,28713.2767,,,86,111,23
1020,72,7.2,17633.779,101537.995,43909.2612,,,38,21,13
1030,25,2.5,27510.713,113331.25,36016.5671,,,21,4,
1040,19,1.9,38240.966,117526.25,63088.8223,,,10,6,3
1050,9,0.9,50278.676,116453.759,72737.5063,,,6,,3
1060,79,7.9,30939.69,128591.77,69251.8253,,,56,12,11
1070,335,33.5,4479.107,146398.996,76332.5265,,,47,119,169
1080,315,31.5,2623.616,154048.707,47069.4965,,,58,179,78
1090,76,7.6,6698.721,149071.754,57754.8816,,,43,17,16
1100,78,7.8,16278.757,167555.796,90816.9155,,,54,8,16
1110,77,7.7,26950.601,168129.896,89236.4949,,,58,9,10
1120,22,2.2,39053.15,146023.242,102998.8511,,,15,5,2
1130,17,1.7,46754.87,197251.957,104760.5702,,,9,1,7
1140,118,11.8,51662.488,203129.194,76618.7074,,,65,2,51
1150,192,19.2,7768.518,209001.955,103035.8055,,,40,73,79
1160,159,15.9,9108.074,218389.895,114147.2892,,,34,50,75
1170,173,17.3,4452.832,200437.522,76268.0394,,,40,81,52
1180,89,8.9,10111.279,228763.758,113856.8366,,,53,17,19
1190,46,4.6,24491.353,212414.987,113398.1048,,,15,16,15
1200,66,6.6,30161.38,225252.837,115204.9883,,,26,25,15
1210,75,7.5,31557.462,235908.815,109693.8981,,,37,11,27
1220,29,2.9,29899.55,250804.319,117767.8534,,,12,,17
1230,139,13.9,29334.063,253342.137,129531.6258,,,47,39,53
1240,173,17.3,4961.613,269125.574,127634.4142,,,28,83,62
1250,89,8.9,16886.726,280445.334,129352.597,,,11,33,45
1260,126,12.6,11090.568,290821.126,121098.1255,,,53,34,39
1270,134,13.4,1339.166,295318.957,131912.1409,,,35,66,33
1280,45,4.5,18696.37,274965.204,150299.0377,,,28,5,12
1290,42,4.2,48478.384,314245.678,189875.3475,,,26,6,10
1300,152,15.2,9015.379,344225.679,132393.952,,,72,18,62
1310,73,7.3,12364.105,335281.519,161631.7674,,,28,24,21
1320,31,3.1,19713.364,301697.695,178027.8477,,,6,12,13
1330,168,16.8,31258.862,355681.871,188499.6568,,,44,71,53
1340,182,18.2,28307.695,332195.054,176187.7483,,,31,101,50
1350,127,12.7,11893.248,332818.774,117618.1838,,,73,35,19
1360,88,8.8,16311.748,342163.791,160178.2478,,,40,19,29
1370,27,2.7,59794.661,333725.062,186701.1427,,,20,1,6
1380,48,4.8,29432.524,364314.391,177344.5741,,,42,1,5
1390,46,4.6,47772.656,375800.847,172042.868,,,34,5,7
1400,36,3.6,65806.952,385556.704,146022.5253,,,12,16,8
1410,123,12.3,18930.489,404415.386,125453.5024,,,50,6,67
1420,113,11.3,23243.486,406232.93,133066.0687,,,32,7,74
1430,223,22.3,9752.224,414254.832,143977.5587,,,42,130,51
1440,185,18.5,2431.271,425805.46,129536.4479,,,29,110,46
1450,113,11.3,5839.049,435902.972,155520.2336,,,28,56,29
1460,123,12.3,11486.009,438642.505,158776.4725,,,87,17,19
1470,147,14.7,26528.595,465675.358,155343.0778,,,129,13,5
1480,58,5.8,89799.971,460561.901,158733.6714,,,46,1,11
1490,17,1.7,40479.246,353937.269,133620.3738,,,7,,10
1500,13,1.3,61501.795,277141.692,159542.8216,,,5,,8
1510,14,1.4,65568.085,255519.632,170889.8094,,,5,,9
1520,175,17.5,23243.54,327746.758,188633.549,,,104,,71
1530,344,34.4,173.011,510591.772,156883.3877,,,28,171,145
1540,142,14.2,162.361,523455.918,164515.4885,,,,74,68
1550,253,25.3,149.084,541024.982,108717.8814,,,,232,21
1560,240,24.0,167.751,359528.036,113403.0544,,,,230,10
1570,178,17.8,166.31,253840.555,131136.6861,,,37,133,8
1580,89,8.9,68626.523,365427.753,165109.0431,,,76,,13
1590,57,5.7,60168.787,278580.496,168920.9123,,,49,,8
1600,38,3.8,60183.144,323660.456,185752.7688,,,27,,11
1610,44,4.4,60187.895,293756.312,197653.817,,,33,,11
1620,40,4.0,29232.398,289042.151,167878.6445,,,27,1,12
1630,89,8.9,17671.628,300489.535,169802.4346,,,50,15,24
1640,112,11.2,9254.978,294080.596,172164.2863,,,31,29,52
1650,169,16.9,10457.794,301899.517,148699.3202,,,45,44,80
1660,417,41.7,188.764,303159.779,88516.5908,,,35,311,71
1670,164,16.4,184.02,303919.036,83154.6934,,,6,130,28
1680,175,17.5,151.697,309889.036,76095.1841,,,,159,16
1690,175,17.5,168.857,285183.985,77610.783,,,,163,12
1700,66,6.6,185.012,309986.297,105795.2687,,,,54,12
1710,21,2.1,11567.786,190274.406,137899.9945,,,,12,9
1720,7,0.7,60302.576,196678.953,112896.6776,,,,2,5
1730,11,1.1,60166.561,147020.708,88376.4884,,,,,11
1740,12,1.2,60192.957,252392.798,86948.4886,,,,,12
1750,13,1.3,60186.553,250841.214,162852.1755,,,,,13
1760,11,1.1,60188.566,252215.386,155084.1998,,,,,11
1770,13,1.3,249038.534,250349.677,249738.1482,,,,,13
1780,5,0.5,60201.208,83232.181,64848.7474,,,,,5
1790,2,0.2,60238.045,89825.841,75031.943,,,,,2
1800,1,0.1,50461.924,50461.924,50461.924,1,,,,
1810,1,0.1,25.805,25.805,25.805,,1,,,
1820,1,0.1,27.312,27.312,27.312,,1,,,
